{"0": {"white": 140195797104568, "black": 140195797104568, "toPlay": 1, "pgn": "", "timestamp": 1552052329.2149956, "timeout": 432000, "prop_draw": false}, "1": {"white": 140195797104568, "black": 140195797104568, "toPlay": 1, "pgn": "", "timestamp": 1552052355.8560708, "timeout": 432000, "prop_draw": false}, "2": {"white": 140195755267616, "black": 140195755267616, "toPlay": 1, "pgn": "", "timestamp": 1552052537.0103545, "timeout": 432000, "prop_draw": false}}